{"cameraMode":{"drawMode":0,"name":"Shaded","section":"Shading Mode"},"sceneLighting":false,"audioPlay":false,"sceneViewState":{"m_AlwaysRefresh":false,"showFog":true,"showSkybox":false,"showFlares":true,"showImageEffects":true,"showParticleSystems":true,"showVisualEffectGraphs":true,"m_FxEnabled":true},"in2DMode":false,"pivot":{"x":-0.12780416011810304,"y":-0.008488161489367485,"z":-0.12692123651504517},"rotation":{"x":0.010668898932635785,"y":0.5260060429573059,"z":0.004988241475075483,"w":-0.8506898880004883},"size":1.0415098667144776,"orthographic":false}