{"cameraMode":{"drawMode":0,"name":"Shaded","section":"Shading Mode"},"sceneLighting":false,"audioPlay":false,"sceneViewState":{"m_AlwaysRefresh":false,"showFog":true,"showSkybox":false,"showFlares":true,"showImageEffects":true,"showParticleSystems":true,"showVisualEffectGraphs":true,"m_FxEnabled":true},"in2DMode":false,"pivot":{"x":0.04419022798538208,"y":0.5103214979171753,"z":-1.1875333786010743},"rotation":{"x":-0.20138809084892274,"y":0.018215080723166467,"z":-0.003745758207514882,"w":-0.9793367385864258},"size":0.0035389866679906847,"orthographic":false}