{"cameraMode":{"drawMode":0,"name":"Shaded","section":"Shading Mode"},"sceneLighting":false,"audioPlay":false,"sceneViewState":{"m_AlwaysRefresh":false,"showFog":true,"showSkybox":false,"showFlares":true,"showImageEffects":true,"showParticleSystems":true,"showVisualEffectGraphs":true,"m_FxEnabled":true},"in2DMode":false,"pivot":{"x":0.007200005929917097,"y":0.07356848567724228,"z":-0.047139547765254977},"rotation":{"x":-0.08404383808374405,"y":0.7091337442398071,"z":-0.0856834128499031,"w":-0.6948047876358032},"size":0.6481286287307739,"orthographic":false}