{"cameraMode":{"drawMode":0,"name":"Shaded","section":"Shading Mode"},"sceneLighting":false,"audioPlay":false,"sceneViewState":{"m_AlwaysRefresh":false,"showFog":true,"showSkybox":false,"showFlares":true,"showImageEffects":true,"showParticleSystems":true,"showVisualEffectGraphs":true,"m_FxEnabled":true},"in2DMode":false,"pivot":{"x":13.22599983215332,"y":0.2720000147819519,"z":3.559000015258789},"rotation":{"x":-0.028585048392415048,"y":0.9545913934707642,"z":-0.1011863425374031,"w":-0.27981969714164736},"size":0.2598074674606323,"orthographic":false}