{"cameraMode":{"drawMode":0,"name":"Shaded","section":"Shading Mode"},"sceneLighting":false,"audioPlay":false,"sceneViewState":{"m_AlwaysRefresh":false,"showFog":true,"showSkybox":false,"showFlares":true,"showImageEffects":true,"showParticleSystems":true,"showVisualEffectGraphs":true,"m_FxEnabled":true},"in2DMode":false,"pivot":{"x":-0.22967341542243958,"y":-0.14458325505256654,"z":0.2671453654766083},"rotation":{"x":-0.04380348324775696,"y":-0.9040027260780335,"z":0.09555713087320328,"w":-0.41447994112968447},"size":0.2442360669374466,"orthographic":false}