{"cameraMode":{"drawMode":0,"name":"Shaded","section":"Shading Mode"},"sceneLighting":false,"audioPlay":false,"sceneViewState":{"m_AlwaysRefresh":false,"showFog":true,"showSkybox":false,"showFlares":true,"showImageEffects":true,"showParticleSystems":true,"showVisualEffectGraphs":true,"m_FxEnabled":true},"in2DMode":false,"pivot":{"x":13.007518768310547,"y":1.0134927034378052,"z":25.631534576416017},"rotation":{"x":0.003582821460440755,"y":0.9947152137756348,"z":-0.09609826654195786,"w":0.03699430078268051},"size":0.8660253882408142,"orthographic":false}