{"cameraMode":{"drawMode":0,"name":"Shaded","section":"Shading Mode"},"sceneLighting":false,"audioPlay":false,"sceneViewState":{"m_AlwaysRefresh":false,"showFog":true,"showSkybox":false,"showFlares":true,"showImageEffects":true,"showParticleSystems":true,"showVisualEffectGraphs":true,"m_FxEnabled":true},"in2DMode":false,"pivot":{"x":2.9611740112304689,"y":-0.43452322483062746,"z":0.19830322265625},"rotation":{"x":0.08123142272233963,"y":0.5873578786849976,"z":-0.05941185727715492,"w":0.8030507564544678},"size":1.3417744636535645,"orthographic":false}