{"cameraMode":{"drawMode":0,"name":"Shaded","section":"Shading Mode"},"sceneLighting":true,"audioPlay":false,"sceneViewState":{"m_AlwaysRefresh":false,"showFog":true,"showSkybox":true,"showFlares":true,"showImageEffects":true,"showParticleSystems":true,"showVisualEffectGraphs":true,"m_FxEnabled":true},"in2DMode":false,"pivot":{"x":-15.940227508544922,"y":1.8677899837493897,"z":16.926925659179689},"rotation":{"x":0.013336223550140858,"y":-0.9838753342628479,"z":0.15808729827404023,"w":0.0834403857588768},"size":1.2867625951766968,"orthographic":false}