{"cameraMode":{"drawMode":0,"name":"Shaded","section":"Shading Mode"},"sceneLighting":true,"audioPlay":false,"sceneViewState":{"m_AlwaysRefresh":false,"showFog":true,"showSkybox":true,"showFlares":true,"showImageEffects":true,"showParticleSystems":true,"showVisualEffectGraphs":true,"m_FxEnabled":true},"in2DMode":false,"pivot":{"x":10.931429862976075,"y":1.0681958198547364,"z":15.849027633666993},"rotation":{"x":-0.0014551356434822083,"y":-0.9983750581741333,"z":0.05126872658729553,"w":-0.027616702020168306},"size":0.42473480105400088,"orthographic":false}