{"cameraMode":{"drawMode":0,"name":"Shaded","section":"Shading Mode"},"sceneLighting":true,"audioPlay":false,"sceneViewState":{"m_AlwaysRefresh":false,"showFog":true,"showSkybox":true,"showFlares":true,"showImageEffects":true,"showParticleSystems":true,"showVisualEffectGraphs":true,"m_FxEnabled":true},"in2DMode":false,"pivot":{"x":-7.874429702758789,"y":1.3727779388427735,"z":19.519386291503908},"rotation":{"x":0.006106498185545206,"y":-0.6127093434333801,"z":0.004869296681135893,"w":0.7903600931167603},"size":4.423242092132568,"orthographic":false}