{"cameraMode":{"drawMode":0,"name":"Shaded","section":"Shading Mode"},"sceneLighting":true,"audioPlay":false,"sceneViewState":{"m_AlwaysRefresh":false,"showFog":true,"showSkybox":true,"showFlares":true,"showImageEffects":true,"showParticleSystems":true,"showVisualEffectGraphs":true,"m_FxEnabled":true},"in2DMode":false,"pivot":{"x":-17.885839462280275,"y":2.3272953033447267,"z":23.316997528076173},"rotation":{"x":-0.005179594736546278,"y":0.9935248494148254,"z":-0.10204170644283295,"w":-0.05670970678329468},"size":1.573718786239624,"orthographic":false}