{"cameraMode":{"drawMode":0,"name":"Shaded","section":"Shading Mode"},"sceneLighting":true,"audioPlay":false,"sceneViewState":{"m_AlwaysRefresh":false,"showFog":true,"showSkybox":true,"showFlares":true,"showImageEffects":true,"showParticleSystems":true,"showVisualEffectGraphs":true,"m_FxEnabled":true},"in2DMode":false,"pivot":{"x":-6.695942401885986,"y":2.8974175453186037,"z":18.235614776611329},"rotation":{"x":-0.039628252387046817,"y":-0.8381519913673401,"z":0.06042122840881348,"w":-0.5410184860229492},"size":0.4330126941204071,"orthographic":false}