{"cameraMode":{"drawMode":0,"name":"Shaded","section":"Shading Mode"},"sceneLighting":true,"audioPlay":false,"sceneViewState":{"m_AlwaysRefresh":false,"showFog":true,"showSkybox":true,"showFlares":true,"showImageEffects":true,"showParticleSystems":true,"showVisualEffectGraphs":true,"m_FxEnabled":true},"in2DMode":false,"pivot":{"x":20.841466903686525,"y":2.181199789047241,"z":-13.110824584960938},"rotation":{"x":0.07186564058065415,"y":0.7153680920600891,"z":-0.07468581944704056,"w":0.6913235783576965},"size":0.8660253882408142,"orthographic":false}