{"cameraMode":{"drawMode":0,"name":"Shaded","section":"Shading Mode"},"sceneLighting":true,"audioPlay":false,"sceneViewState":{"m_AlwaysRefresh":false,"showFog":true,"showSkybox":true,"showFlares":true,"showImageEffects":true,"showParticleSystems":true,"showVisualEffectGraphs":true,"m_FxEnabled":true},"in2DMode":false,"pivot":{"x":17.037240982055665,"y":-0.21513746678829194,"z":7.422178268432617},"rotation":{"x":0.05214852839708328,"y":0.913864254951477,"z":-0.12441253662109375,"w":0.38299575448036196},"size":1.0415101051330567,"orthographic":false}