{"cameraMode":{"drawMode":0,"name":"Shaded","section":"Shading Mode"},"sceneLighting":true,"audioPlay":false,"sceneViewState":{"m_AlwaysRefresh":false,"showFog":true,"showSkybox":true,"showFlares":true,"showImageEffects":true,"showParticleSystems":true,"showVisualEffectGraphs":true,"m_FxEnabled":true},"in2DMode":false,"pivot":{"x":2.2898929119110109,"y":-2.2319588661193849,"z":18.826332092285158},"rotation":{"x":-0.060487233102321628,"y":-0.8015385866165161,"z":0.08229692280292511,"w":-0.589210569858551},"size":12.12435531616211,"orthographic":false}