{"cameraMode":{"drawMode":0,"name":"Shaded","section":"Shading Mode"},"sceneLighting":true,"audioPlay":false,"sceneViewState":{"m_AlwaysRefresh":false,"showFog":true,"showSkybox":true,"showFlares":true,"showImageEffects":true,"showParticleSystems":true,"showVisualEffectGraphs":true,"m_FxEnabled":true},"in2DMode":false,"pivot":{"x":15.979400634765625,"y":2.373549222946167,"z":6.771294116973877},"rotation":{"x":0.011341429315507412,"y":-0.8676705956459045,"z":0.01979065127670765,"w":0.4966948926448822},"size":0.8660253882408142,"orthographic":false}